-- phpMyAdmin SQL Dump
-- version 5.0.1
-- https://www.phpmyadmin.net/
--
-- Host: 127.0.0.1
-- Generation Time: Apr 09, 2021 at 03:06 AM
-- Server version: 10.4.11-MariaDB
-- PHP Version: 7.4.3

SET SQL_MODE = "NO_AUTO_VALUE_ON_ZERO";
SET AUTOCOMMIT = 0;
START TRANSACTION;
SET time_zone = "+00:00";


/*!40101 SET @OLD_CHARACTER_SET_CLIENT=@@CHARACTER_SET_CLIENT */;
/*!40101 SET @OLD_CHARACTER_SET_RESULTS=@@CHARACTER_SET_RESULTS */;
/*!40101 SET @OLD_COLLATION_CONNECTION=@@COLLATION_CONNECTION */;
/*!40101 SET NAMES utf8mb4 */;

--
-- Database: `readme`
--

-- --------------------------------------------------------

--
-- Table structure for table `book`
--

CREATE TABLE `book` (
  `book_id` int(11) NOT NULL,
  `bookname` varchar(100) NOT NULL,
  `bookimage` varchar(1000) NOT NULL,
  `writer` varchar(50) NOT NULL,
  `company` varchar(100) NOT NULL,
  `synopsis` varchar(200) NOT NULL,
  `bookprice` float NOT NULL,
  `book_links` varchar(5000) NOT NULL,
  `amountbook_sales` int(11) NOT NULL,
  `category_id` int(11) NOT NULL
) ENGINE=InnoDB DEFAULT CHARSET=utf8;

--
-- Dumping data for table `book`
--

INSERT INTO `book` (`book_id`, `bookname`, `bookimage`, `writer`, `company`, `synopsis`, `bookprice`, `book_links`, `amountbook_sales`, `category_id`) VALUES
(1, 'ฆ่าหมาป่า เล่ม 1', './images/นิยายแปล/ฆ่าหมาป่าเล่ม1.jpg', 'Priest (พีต้า)', 'SENSE BOOK', 'ในแคว้นต้าเหลียงอันยิ่งใหญ่ ซึ่งเจริญรุ่งเรืองด้วยสิ่งอำนวนความสะดวก อย่างหุ่นจักรวาลและเครื่องจักรไอน้ำที่ใช้ถ่านหิน รวมถึงเชื้อเพลิงหายากอย่างทองคำเหลวม่วงในการขับเคลื่อน\r\nเด็กหนุ่มนาม \"ฉางเกิง\" อาศ', 350, 'https://www.naiin.com/product/detail/512204', 39, 1),
(2, 'นักรบพเนจรสุดขอบฟ้า เล่ม 1', './images/นิยายแปล/นักรบพเนจรสุดขอบฟ้าเล่ม1.jpg', 'Priest (พีต้า)', 'SENSE BOOK', 'โจวจื่อซู ประมุกเคหาสน์สี่ฤดู ผู้ดำรงตำแหน่งหัวหน้าเทียนชวงต้องการออกจากเทียนชวง จึงยินยอมรับทัณฑ์ตะปูเจ็ดทวารสามสารทด้วยตนเอง ทั้งที่รู้แก่ใจดีว่าอิสรภาพครั้งนี้ ต้องแลกมากับอายุขัยที่เหลือเพียงสามปี', 360, 'https://www.naiin.com/product/detail/522712', 35, 1),
(3, 'นักรบพเนจรสุดขอบฟ้า เล่ม 2 (เล่มจบ)', './images/นิยายแปล/นักรบพเนจรสุดขอบฟ้าเล่ม2.jpg', 'Priest (พีต้า)', 'SENSE BOOK', 'โจวจื่อชู ประมุขเคหาสน์สี่ฤดู ผู้ดำรงตำแหน่งหัวหน้าเทียนชวง\r\nต้องการออกจากเทียนชวง จึงยินยอมรับทัณฑ์ตะปู\r\nเจ็ดทวารสามสารกด้วยตนเอง\r\nทั้งที่รู้แก่ใจดีว่าอิสภพครั้งนี้ ต้องแลกมากับอายุยัยที่เหลือ\r\nเพียง', 360, 'https://www.readawrite.com/c/5dcbebdcb0195f830f7ef8775d7a4027?page_no=1', 26, 1),
(4, 'นางโจร เล่ม 1', './images/นิยายแปล/นางโจร1.jpg', 'Priest (พีต้า)', 'พลังพับลิช', '“ในบรรดาคนรุ่นข้า ไร้สิ่งผูกมัด ไร้พิธีรีตอง ไม่จำเป็นต้องมีชื่อเสียงเลื่องลือไปร้อยรุ่น ต่อให้ชื่อเสียงฉาวโฉ่หมื่นปีก็ไม่เป็นไร เพียงขอให้เงยหน้าไม่ละอายต่อฟ้า ก้มหน้าไม่ละอายต่อดิน และไม่ละอายต่อตนเ', 330, 'https://www.hongsamut.com/fiction/chapter?id=84024', 26, 1),
(5, 'ปรมาจารย์ลัทธิมาร เล่ม 1', './images/นิยายแปล/ปรมาจารย์ลัทธิมารเล่ม1.jpg', 'โม่เซียงถงซีว', 'เบเกอรี่บุ๊ค', 'ปรมาจารย์อี๋หลิง... \"เว่ยอู๋เซี่ยน\" สิ้นชีพ ณ เนินป่าช้า ว่ากันว่ากายแหลกเหลว ไร้ร่างให้ดินกลบฝัง แต่ด้วยพฤติกรรมเลวทรามต่ำช้าที่ระบือไกล ผู้คนจึงพากันยินดีที่เขามอดม้วย และไม่ว่าใครก็คงคาดไม่ถึงว่า เ', 370, 'https://issuu.com/bakerybook/docs/evil_master1_ex1?fbclid=IwAR3rZURNcY8DtEeFzD2u52MT6Qz9cxCccqyD4YL8rtstQdRxoeY1BGrBXGY', 1, 1),
(6, 'ปรมาจารย์ลัทธิมาร เล่ม 2', './images/นิยายแปล/ปรมาจารย์ลัทธิมารเล่ม2.jpg', 'โม่เซียงถงซีว', 'เบเกอรี่บุ๊ค', 'เพื่อสืบเรื่องศพแยกชิ้นส่วน เว่ยอู๋เซี่ยน กับ หลานวั่งจี จึงเดินทางตามทิศที่มือผีชี้นำจนมาถึงเมืองซึ่งปกคลุมด้วยหมอกขาวลึกลับนามว่า เมืองอี้ ณ ที่นั่นสิ่งที่รอต้อนรับพวกเขาอยู่ก็คือ ภัยร้ายที่คาดไม่ถึ', 370, 'https://www.naiin.com/product/detail/482089', 1, 1),
(7, 'ปรมาจารย์ลัทธิมาร เล่ม 3', './images/นิยายแปล/ปรมาจารย์ลัทธิมารเล่ม3.jpg', 'โม่เซียงถงซีว', 'เบเกอรี่บุ๊ค', 'เมื่อครั้งสกุลเวินเรืองอำนาจเว่ยอู๋เซี่ยน เคยต้องหลบลี้หนีการไล่ล่าจนประสบเคราะห์กรรมที่ชักนำให้เข้าสู่วิถีมาร มาครั้งนี้ เมื่อความจริงเรื่องศพแยกชิ้นส่วนเปิดเผยตัวตนของเว่ยอู๋เซี่ยนกลับถูกเปิดโปง\r\nจน', 360, 'https://www.naiin.com/product/detail/495224', 1, 1),
(8, 'ปรมาจารย์ลัทธิมาร เล่ม 4', './images/นิยายแปล/ปรมาจารย์ลัทธิมารเล่ม4.jpg', 'โม่เซียงถงซีว', 'เบเกอรี่บุ๊ค', 'ปรมาจารย์อี๋หลิง... \"เว่ยอู๋เซี่ยน\" สิ้นชีพ ณ เนินป่าช้า ว่ากันว่ากายแหลกเหลว ไร้ร่างให้ดินกลบฝัง แต่ด้วยพฤติกรรมเลวทรามต่ำช้าที่ระบือไกล ผู้คนจึงพากันยินดีที่เขามอดม้วย และไม่ว่าใครก็คงคาดไม่ถึงว่า เ', 360, 'https://cg.lnwfile.com/x1hod6.pdf?fbclid=IwAR3aLz0m2gc5oBqyvo9lzX3GpmUu3Ttp3Q29vuvouFQ5Cg01JqdLGMu3r-E', 1, 1),
(9, 'ปรมาจารย์ลัทธิมาร เล่ม 5', './images/นิยายแปล/ปรมาจารย์ลัทธิมารเล่ม5.jpg', 'โม่เซียงถงซีว', 'เบเกอรี่บุ๊ค', 'ปรมาจารย์อี๋หลิง... \"เว่ยอู๋เซี่ยน\" สิ้นชีพ ณ เนินป่าช้า ว่ากันว่ากายแหลกเหลว ไร้ร่างให้ดินกลบฝัง แต่ด้วยพฤติกรรมเลวทรามต่ำช้าที่ระบือไกล ผู้คนจึงพากันยินดีที่เขามอดม้วย และไม่ว่าใครก็คงคาดไม่ถึงว่า เ', 370, 'https://cg.lnwfile.com/qkbwxp.pdf', 1, 1),
(10, 'ยอดนางร้ายมืออาชีพ เล่ม 1', './images/นิยายแปล/ยอดนางร้ายมืออาชีพเล่ม1.jpg', 'กู้จื่อมู่', 'Clover Book', 'การจะเป็นนางร้ายได้มาตรฐานสมอาชีพนั้นต้องได้รับการฝึกฝนอย่างเข้มงวด เมื่อต้องเข้าไปสู่โลกนิยายเรื่องแล้วเรื่องเล่าและสวมบทบาทนางร้ายที่มีชื่อเหมือนตัวเอง หน้าที่ของเธอมีเพียงสองสิ่ง คือเคลียร์เส้นทางร', 430, 'https://www.naiin.com/product/detail/492272', 0, 1),
(11, 'ยอดนางร้ายมืออาชีพ เล่ม 2', './images/นิยายแปล/ยอดนางร้ายมืออาชีพเล่ม2.jpg', 'กู้จื่อมู่', 'Clover Book', 'อวี่ฉีมีอาชีพเป็นนางร้าย หน้าที่ของเธอคือการเข้าไปในโลกของนิยายแล้วสวมบทบาทนางร้ายของโลกนั้นเพื่อทำภารกิจให้ตัวร้ายชายตกหลุมรักเธอให้ได้ หลังจากทำภารกิจลุล่วงไปมากมาย ในที่สุดอวี่ฉีก็ได้เลื่อนขั้น และ', 430, 'https://www.naiin.com/product/detail/499673', 0, 1),
(12, 'ยอดนางร้ายมืออาชีพ เล่ม 3', './images/นิยายแปล/ยอดนางร้ายมืออาชีพเล่ม3.jpg', 'กู้จื่อมู่', 'Clover Book', 'งานยากแค่ไหน ภารกิจมหาโหดระดับใด เมื่อถึงมือ อวี่ฉี แล้วอย่างไรก็ต้องสำเร็จทุกครั้งหลังจากภารกิจพิชิตใจเหล่าตัวร้าย อวี่ฉี ก็จะมีทั้งสกิลความสามารถที่เพิ่มขึ้น คราวนี้ได้อัปตำแหน่งเป็นถึงระดับหัวหน้าแ', 430, 'https://www.naiin.com/product/detail/502643', 0, 1),
(13, 'ยอดนางร้ายมืออาชีพ เล่ม 4', './images/นิยายแปล/ยอดนางร้ายมืออาชีพเล่ม4.jpg', 'กู้จื่อมู่', 'Clover Book', 'นี่มันบทบ้าบอคอหอยพอกอะไรกันเนี่ย!! อวี่ฉีถึงกับต้องสบถในใจกับบทบาทที่เพิ่งได้รับ ยิ่งรับบทบาทนางร้ายเพื่อพิชิตใจตัวร้ายมากเท่าไร เลเวลของบอสก็ยิ่งเลวทรามต่ำช้าขึ้นจนเกินจะคาดเดา การทำภารกิจพิชิตใจจึง', 430, 'https://www.naiin.com/product/detail/502642', 0, 1),
(14, 'ยอดนางร้ายมืออาชีพ เล่ม 5', './images/นิยายแปล/ยอดนางร้ายมืออาชีพเล่ม5.jpg', 'กู้จื่อมู่', 'Clover Book', 'ตัวร้ายมากฝีมืออย่างอวี่ฉีหากได้รับรางวัลออสการ์ เจ้าหล่อนก็คงจะกวาดมาเรียบทุกสาขา!! ไม่ว่าตัวร้ายที่มีพลังทำลายล้างสูงหรือจิตวิปลาสปานใด อวี่ฉีล้วนพิชิตและคว้าหัวใจพวกเขามาแล้วทั้งสิ้น แต่ว่า  มาคราว', 430, 'https://www.naiin.com/product/detail/502641', 0, 1),
(15, 'My Sunshine แสงตะวันกลางใจ', './images/นิยายแปล/แสงตะวันกลางใจ.jpg', 'กู้ม่าน', 'อรุณ', 'ฉันยังจำได้ว่าพบกับพวกเขาครั้งแรกในซูเปอร์มาร์เก็ตที่มีผู้คนมากมายเดินกันไปมาอย่างขวักไขว่ เหมือนกับที่เขียนในบทส่งท้าย  มีความซาบซึ้งอย่างหนึ่งโผล่พรวดขึ้นมาเกาะกุมฉันไว้ในทันใด บางทีถ้าเร็วไปก้าวหนึ', 265, 'https://www.naiin.com/product/detail/209506', 0, 1),
(16, 'Lust Love รักใคร่ (Omegaverse)', './images/นิยายวาย/LustLove_รักใคร่.jpg', 'puffy_nuchy', 'Puffy_Nuchy', 'ธุรกิจบนดินของคอนเนลลีเติบโตแบบก้าวกระโดด ชาร์ลได้รับการยอมรับใน\r\nฐานะหัวหน้าตระกูลภายในเวลาไม่นาน ทว่าสิ่งเดียวที่สร้างความกดดันให้กับ\r\nเขาคือทายาท เพราะ \'อเลสเซีย\' ภรรยาที่แต่งงานอยู่กินด้วยกันมานาน', 400, 'https://www.readawrite.com/c/886e7ea3e48a4365f9e417a7a3d8cef1?page_no=1', 10, 3),
(17, 'Protect My Dad ย้อนเวลาไปขวางรัก', './images/นิยายวาย/protectmydad.jpg', 'ไร้รูปแบบ', 'ไร้รูปแบบ', '\"พ่อไม่ต้องเป็นห่วง ผมจะปกป้องพ่อเอง!\"\r\nกานต์ เด็กหนุ่ม ม.ปลายสุดแสบซ่าวันหนึ่งพบว่า \'สิงห์\' คู่รักเก่าของพ่อซึ่งเป็นเพื่อนซี้ในวัยเด็กกลับมาขอรื้อฟื้นความสัมพันธ์ทำให้ครอบครัวเขาแตกแยกทางเดียวฟ้ามอบใ', 259, 'https://www.readawrite.com/c/ad393bf8c26788cd61e2f02cb0d1e96c', 6, 3),
(18, 'ฉลามไม่กินเนื้อ', './images/นิยายวาย/ฉลามไม่กินเนื้อ0.jpg', 'Scriper', 'สถาพรบุ๊คส์', '\'ฉลาม\' หนุ่มหล่อที่ไม่ชอบกินเนื้อทุกประเภท ชอบกินนมกล้วย แต่ที่โปรดปรานที่สุดก็ต้องไข่เจียวฝีมือ \'แมวน้ำ\' แฟนหนุ่มรุ่นน้องที่เขาหวงไปหมดทุกการขยับตัว ทั้งๆ ที่ตอนแรกก็ไม่ได้คิดว่าจะชอบ เห็นเข้ามาทักก็', 500, 'https://www.readawrite.com/c/01a362e31f10a8c4d25a6e68eab7091b?page_no=1', 4, 3),
(19, 'ต้นหนชลธี', './images/นิยายวาย/ต้นหนชลธี.jpg', 'นทกร', 'Deep', '“ชลธี” หนุ่มหน้าใส หัวใจสีชมพู แอบรักพี่ชายบ้านใกล้ อย่าง “ต้นหน” มาตั้งแต่ตัวกะเปี๊ยก เพราะพี่ต้นคอยดูแลเอาใจใส่เขาเหมือนน้องชายแท้ๆ แต่ก็ทําได้เพียงเฝ้ามองพี่ชายที่แสนดีกับแฟนสาวอยู่ห่างๆ กระทั่งโชค', 370, 'https://www.mebmarket.com/ebook-92172-%E0%B8%95%E0%B9%89%E0%B8%99%E0%B8%AB%E0%B8%99%E0%B8%8A%E0%B8%A5%E0%B8%98%E0%B8%B5', 3, 3),
(20, 'ติดยิ้ม', './images/นิยายวาย/ติดยิ้ม.jpg', 'DOPAMINE_', 'FaCai Novels', 'ผมไม่ชอบอะไรที่วุ่นวาย แต่ผมชอบความสนุกสนาน ผมรักความสงบ\r\nแต่ผมเกลียดความเหงา และผมไม่เคยคิดว่าชีวิตผมต้องมาเจอกับสิ่งที่\r\nแปลกประหลาด แต่ผมก็เจอ...\r\nแกร๊ก\r\nผมมองไปที่ร่างสูงโปร่งในชุดนักศึกษาที่เปิดป', 339, 'https://www.readawrite.com/c/c062292c378a2e8a33ffd3f268e4e7d6', 0, 3),
(21, 'นิทานพันดาว', './images/นิยายวาย/นิทานพันดาว.jpg', 'Bacteria', 'นาบู', 'หากร้อยพันคำอธิฐานที่ล่องลอยระยิบระยับในหมู่ดาวจะเป็นจริงสักครั้ง ฉันก็ขอภาวนาแค่ได้อยู่เคียงข้าง \"เขา\" คนนั้นตลอดไป เพราะประโยคสุดท้ายในไดอารี่สีหวานทำให้ \"เธียร\" ตัดสินใจเดินทางไปเป็นครูอาสาบนดอยเพื', 429, 'https://www.mebmarket.com/ebook-51050-%E0%B8%99%E0%B8%B4%E0%B8%97%E0%B8%B2%E0%B8%99%E0%B8%9E%E0%B8%B1%E0%B8%99%E0%B8%94%E0%B8%B2%E0%B8%A7', 0, 3),
(22, 'ปลื้มคนโปรด', './images/นิยายวาย/ปลื้มคนโปรด.jpg', 'AveryPie', 'Deep', 'เวลาที่คุณชอบใครสักคน บอกเขาไปเถอะว่าคุณชอบ ถึงโอกาสจะมีน้อย แต่คุณอาจได้เป็นคนโปรดของเขา...ในสักวัน ‘คนโปรด’ เฮดว้ากปีสามคณะวิศวะ แอบชอบเฮดว้ากปีสี่จอมโหดอย่าง ‘พี่ปลื้ม’ เมื่อฝ่ายหลังโดนแฟนสาวดาวคณะ', 380, 'https://www.readawrite.com/c/5504730a271aa9eb98953d4672bca996', 0, 3),
(23, 'พี่เจตคนกลาง', './images/นิยายวาย/พี่เจตคนกลาง.jpg', 'littlebbear96', 'Deep', '“พี่เจตคะ มิ้นฝากบราวนีไปให้พี่คิงด้วยนะคะ”\r\nนี่คือชีวิตประจำวันของผม ‘เจต’ ไลน์แมน (ผมเรียกตัวเอง)\r\nผู้มีหน้าที่รับฝากของไปส่งให้พี่น้องผองเพื่อนสุดเพอร์เฟกต์ของผม\r\nเพราะผมบังเอิ๊ญเกิดมาเป็น ‘ลูกคนกล', 370, 'https://www.readawrite.com/c/e3bcb904b7d831fb39fd013648ffc49a?page_no=1', 0, 3),
(24, 'ยอมอย่างสิงห์', './images/นิยายวาย/ยอมอย่างสิงห์.jpg', 'KARINRUMPA', 'karinrumpa', 'สิงห์ พาร์ท....\r\nคำนิยามของไอ้ตัวแสบของผมเหรอครับ?\r\nแน่นอนว่ามันแสบทั้งดื้อยิ่งกว่าใครที่ผมเคยเจอมา\r\nมือไวปากหนัก อารมณ์ร้อนเอาแต่ใจ แต่ก็ไม่รู้ทำไม\r\nผมถึงละสายตาปล่อยมือจากมันไม่ได้ มันเป็นทั้งไอ้ตัว', 359, 'https://www.readawrite.com/c/f47d03da5292cd83ccfd08e18162a7f0', 0, 3),
(25, 'จิตเปื้อนเลือด', './images/นิยายสืบสวน/จิตเปื้อนเลือด.jpg', 'Nick Wilgus', 'ซี.เจบุ๊คส์', '', 250, 'https://www.mebmarket.com/ebook-90933-Mindfulness-amp-Murder--%E0%B8%88%E0%B8%B4%E0%B8%95%E0%B9%80%E0%B8%9B%E0%B8%B7%E0%B9%89%E0%B8%AD%E0%B8%99%E0%B9%80%E0%B8%A5%E0%B8%B7%E0%B8%AD%E0%B8%94', 2, 4),
(26, 'เด็กมาตกรสาว', './images/นิยายสืบสวน/เด็กสาวฆาตกร.jpg', 'โท อุบุคาตะ', 'แพรวสำนักพิมพ์', 'ที่โรงเรียนสตรีล้วนแห่งหนึ่งเกิดเหตุการณ์ฆ่าตัวตายของนักเรียนหญิงขึ้น นักเรียนหญิงคนนั้นตกลงมาจากดาดฟ้าของโรงเรียน ในมือของเธอถือดอกลิลลี่เอาไว้ ซึ่งผู้ตายเป็นนักเรียนหญิงที่โดดเด่นที่สุดในโรงเรียน เธ', 225, '', 3, 4),
(27, 'ปริศนาดอกไม้มายา', './images/นิยายสืบสวน/ปริศนาดอกไม้มายา.jpg', 'ฮิงาชิโนะ เคโงะ', 'แพรวสำนักพิมพ์', '', 295, '', 1, 4),
(28, 'พิโรธ', './images/นิยายสืบสวน/พิโรธ.jpg', 'โยชิดะ ชูอิชิ', 'แพรวสำนักพิมพ์', 'เกิดคดีฆาตกรรมโหดที่ปรากฏคำว่า \"พิโรธ\" บนผนังห้องที่เกิดเหตุ ตำรวจมีเบาะแสแค่คนร้ายคือชายชื่อ \"ยามางามิ คาซึยะ\" แต่ตามหาตัวไม่พบ หลังจากนั้นเรื่องจะเล่าถึงครอบครัว 3 ครอบครัวที่ต่างมีปัญหาของตัวเองและ', 395, '', 3, 4),
(29, 'ระบำผีเสื้อ', './images/นิยายสืบสวน/ระบำผีเสื้อ.jpg', 'จรสจันทร์', 'กรองอักษร', 'สิ่งเดียวที่บิดาทิ้งไว้ให้แพรพิไลก่อนตาย คือหนี้สินและสำนักงานนักสืบที่ท่านรักมาก ด้วยความที่อยากสานต่อเจตนารมณ์ของบิดา เธอจึงตั้งใจไว้ว่าจะทำให้ดีกว่าที่ท่านเคยทำ ทว่า...คดีล่าสุดที่รับมา ทำให้เธอต้อ', 299, '', 0, 4),
(30, 'รักในรอยลวง', './images/นิยายสืบสวน/รักในรอยลวง.jpg', 'ปราปต์', 'ปราปต์', 'ความลับที่ขังในหัวใจเธอมาเนิ่นนานกำลังจะถูกเปิดโปงเพราะ \'เกม\' ของหนึ่งวิญญาณ หนึ่งชายหนุ่มผู้กลับมาพร้อมแรงพยาบาท และเงื่อนไขที่เธอไม่อาจปฏิเสธ \'มัน\' กลับมาทวงแค้นในรูปวิญญาณตามหลอกหลอน ขู่บังคับโดยใช', 370, '', 0, 4),
(31, 'ราคีสีเพลิง', './images/นิยายสืบสวน/ราศีสีเพลิง.jpg', 'รังสี ดุจดาริน และรางนาก', 'ปลายปากกาสำนักพิมพ์', '‘ดีเลิศ’ และ ‘บัวบุษบา’ แต่งงานกันท่ามกลางความขัดแย้งของสองตระกูล\r\nท่ามกลางความเกลียดชังของยาย ‘เจิมจันทร์ เสน่ห์จันทน์’\r\nผู้ไม่มีวันยอมรับหลานสะใภ้นอกคอกอย่างหล่อน!\r\nหลายปีที่ชายหนุ่มประคับประคองครอบ', 178, '', 0, 4),
(32, 'วงกตนรกานต์', './images/นิยายสืบสวน/วงกตนรกานต์.jpg', 'ปราปต์', 'ปราปต์', 'สวรรค์เล่นตลก นรกตามข้างหลัง บาปเก่ากำบัง หมดทางบรรเทา ผีร้อยคอยเฝ้า เงาหัวกุดคอพิเศษ ตามมาเอาเรื่อง ช่อแฮ ถึงที่ทำงานเพราะคนที่ได้ชื่อว่าเป็นเพื่อนกำลังจะตีท้ายครัว นิจชิตา เมียรักของเขาโดยไม่คาดคิด.', 195, '', 0, 4),
(33, 'เสน่หาผีเสื้อราตรี', './images/นิยายสืบสวน/เสน่หาผีเสื้อราตรี.jpg', 'จรสจันทร์', 'กรองอักษร', 'กลางวันเธอคือเลขาแสนเข้มงวด กลางคืนเธอคือผีเสื้อราตรีแสนสวยที่เหล่านักล่าต่างหมายได้ครอบครอง และเขาก็เป็นหนึ่งในนั้น ทว่านานวันเข้า เขากลับไม่แน่ใจว่าเขารักใคร ระหว่างเลขาตัวเองหรือผีเสื้อแสนสวยกันแน่', 350, '', 0, 4),
(34, 'ห่มแดน', './images/นิยายสืบสวน/ห่มแดน.jpg', 'ปราปต์', 'ปราปต์', 'ล่าสุดฟ้า ค้นหาตัวตน บนรอยฆาตกรรมความตายของนายใหญ่แห่งเวียงอวัศย์ สร้างความเปลี่ยนแปลงอย่างมากให้กับแดนเลฑฑุ์ผู้เป็นบุตรชาย นอกจากไม่ได้สมบัติอะไร เขายังสูญเสียหน้าที่การงาน และยังถูกไล่ล่าจากเงาลึกลั', 220, '', 0, 4),
(35, 'นายคะ อย่ามาร้าย', './images/นิยายโรแมนติก/นายคะอย่ามาร้าย.jpg', 'เจ้าหญิงผู้เลอโฉม', 'แจ่มใส', 'ใครจะไปคิดว่า AE สาวสวยสุดเพอร์เฟ็กต์อย่าง \'กุ๊งกิ๊ง\' จะแอบมีความสัมพันธ์ลับๆ กับผู้ชายคนหนึ่ง คนที่รักษาระยะห่างเสมอในที่ทำงาน แต่กลับเบียดแนบชิดอย่างเร่าร้อนในยามค่ำคืนโดยไม่มีใครรู้\r\n\r\nก็ ‘ฮาโซเบะ ', 349, '', 26, 2),
(36, 'พรหมลิขิตติดรัก', './images/นิยายโรแมนติก/พรหมลิขิตติดรัก.jpg', 'ญาสุมินทร์', 'ไลต์ออฟเลิฟ', 'เพื่อนสนิท...คือสถานะที่ เทียนหอม ได้รับจาก ฮิวส์ คอนเวนสันต์ มหาเศรษฐีหนุ่มที่เห็นเธอเป็นเพื่อนมาตลอด สิ่งที่เธอชอบที่สุดก็คือเวลาที่เพื่อนอย่างเขาโสด เพราะมันทำให้หัวใจเธออยู่ในโหมดเพ้อฝัน ถึงแม้ว่า', 295, '', 20, 2),
(37, 'เยื่อใย', './images/นิยายโรแมนติก/เยื่อใย.jpg', 'นิมมานรดี', 'ชโลธร บุ๊คส์', 'เธอถูกเลี้ยงมาเพื่อเป็นเขา แต่เขากลับไม่ใช่ของใค \"ไม่ต้องหวงตัวกับฉัน แค่ฉันคนเดียว\" เขา...คุณใหญ่ ธนาธิป นักธุรกิจหนุ่มเจ้าเสน่ห์ที่มีสาวควงแขน แต่ไม่ใช่แฟนสักคน เธอ...หนูนิด ขนิษฐา เด็', 255, '', 15, 2),
(38, 'จุดเปลี่ยนของหัวใจ', './images/นิยายโรแมนติก/จุดเปลี่ยนของหัวใจ.jpg', 'จูเลีย ควินน์', 'แก้วกานต์', 'ช่วงเวลาอันน่าตะลึงที่เปลี่ยนชีวิตคนเราไปตลอดเวลา สำหรับไมเคิล สเตอร์ลิง ชายเจ้าสำราญผู้ฉาวโฉ่แล้ว ช่วงเวลานั้นเกิดขึ้นเมื่อเขาทอดสายตาไปยังฟรานเชสกา บริดเจอร์ตัน\r\n\r\nหลังจากที่เขาระเริงกับอิสตรีมาตลอด', 295, '', 17, 2),
(39, 'Fall in Love หวานใจ', './images/นิยายโรแมนติก/fallinlove.jpg', 'ชเล', 'เป็นหนึ่งสำนักพิมพ์', 'เรื่องรักแสนหวานที่สะกดให้เราต้องตามอ่านตามลุ้น ติดตามความรักของพระนางไปจนถึงตอนจบอันอิ่มเอม เสน่ห์และชั้นเชิงในเรื่องเล่าของ ‘ชเล’ ยังคงมีมนตร์ขลังเสมอ โดยเฉพาะเรื่องราวของความรัก\r\n‘ชเล’ กลับพาเราไปร', 320, '', 0, 2),
(40, 'กลวิธีจีบคุณ', './images/นิยายโรแมนติก/กลวิธีจีบคุณ.jpg', 'จิลา', 'Sugar Beat', 'ชายหนุ่มผู้เก็บเนื้อเก็บตัว คะแนนแฟชั่นการแต่งตัวเท่ากับศูนย์ บุคลิกภายนอกดูทื่อๆ เหมือนหุ่นยนต์ รวมๆ แล้วไม่มีอะไรน่าดึงดูดใจ แต่ชายคนเดีวกันนี้แหละที่ดีไซเนอร์สาวตกหลุมรักดังโครม คุณหนูอู๋อยากได้ผู้', 410, '', 0, 2),
(41, 'She lit my cigarettes แพ้คุณ', './images/นิยายโรแมนติก/แพ้คุณ.jpg', 'CK1973', 'Sugar Beat', 'นิ่งเหมือนรูปปั้นหินแกะสลักคือนิยามที่ใครๆต่างก็ยกให้เฮียครามหนุ่มวิศวะสุดกร้าวใจที่สาวๆกรี๊ดกร๊าดยกให้เป็นหลัวในตำนานแม้ภาพลักษณ์ดูเป็นแบดบอยเดาทางยากไม่พูดมากแต่เวลาจีบสาวน่ารักคิกคักสมมงดาวสาขาคณะม', 240, '', 0, 2);

-- --------------------------------------------------------

--
-- Table structure for table `book_category`
--

CREATE TABLE `book_category` (
  `category_id` int(11) NOT NULL,
  `category_name` varchar(100) NOT NULL
) ENGINE=InnoDB DEFAULT CHARSET=utf8;

--
-- Dumping data for table `book_category`
--

INSERT INTO `book_category` (`category_id`, `category_name`) VALUES
(1, 'นิยายแปล'),
(2, 'นิยายโรแมนติก'),
(3, 'นิยายวาย'),
(4, 'นิยายสืบสวน');

-- --------------------------------------------------------

--
-- Table structure for table `cart`
--

CREATE TABLE `cart` (
  `cart_id` int(11) NOT NULL,
  `book_id` int(11) NOT NULL,
  `bookname` varchar(100) NOT NULL,
  `bookprice` float NOT NULL,
  `bookimage` varchar(1000) NOT NULL,
  `user_id` int(11) NOT NULL,
  `order_id` int(11) NOT NULL
) ENGINE=InnoDB DEFAULT CHARSET=utf8;

-- --------------------------------------------------------

--
-- Table structure for table `order`
--

CREATE TABLE `order` (
  `order_id` int(11) NOT NULL,
  `user_id` int(11) NOT NULL,
  `cart_id` int(11) NOT NULL,
  `book_id` int(11) NOT NULL,
  `receipt` varchar(1000) NOT NULL,
  `status` int(1) NOT NULL DEFAULT 0,
  `wait_id` int(11) NOT NULL
) ENGINE=InnoDB DEFAULT CHARSET=utf8;

-- --------------------------------------------------------

--
-- Table structure for table `users`
--

CREATE TABLE `users` (
  `user_id` int(11) NOT NULL,
  `username` varchar(45) NOT NULL,
  `password` varchar(100) NOT NULL,
  `email` varchar(50) NOT NULL,
  `name_surname` varchar(100) NOT NULL,
  `birthday` date NOT NULL,
  `address` varchar(500) NOT NULL,
  `tel` varchar(11) NOT NULL,
  `gender` varchar(2) NOT NULL,
  `admin_id` varchar(10) NOT NULL
) ENGINE=InnoDB DEFAULT CHARSET=utf8;

--
-- Dumping data for table `users`
--

INSERT INTO `users` (`user_id`, `username`, `password`, `email`, `name_surname`, `birthday`, `address`, `tel`, `gender`, `admin_id`) VALUES
(1, 'admin', '21232f297a57a5a743894a0e4a801fc3', 'readme.fliction@readme.com', 'admin readme', '2021-03-28', '-', '000000000', '1', '1'),
(29, 'test1', '5a105e8b9d40e1329780d62ea2265d8a', 'test@test.com', 'test1', '2021-04-06', '-', '11111111', '2', ''),
(30, 'test2', 'ad0234829205b9033196ba818f7a872b', 'test2@test.com', 'test2', '2021-04-06', '-', '2222222222', '1', '');

--
-- Indexes for dumped tables
--

--
-- Indexes for table `book`
--
ALTER TABLE `book`
  ADD PRIMARY KEY (`book_id`);

--
-- Indexes for table `book_category`
--
ALTER TABLE `book_category`
  ADD PRIMARY KEY (`category_id`);

--
-- Indexes for table `cart`
--
ALTER TABLE `cart`
  ADD PRIMARY KEY (`cart_id`);

--
-- Indexes for table `order`
--
ALTER TABLE `order`
  ADD PRIMARY KEY (`order_id`);

--
-- Indexes for table `users`
--
ALTER TABLE `users`
  ADD PRIMARY KEY (`user_id`);

--
-- AUTO_INCREMENT for dumped tables
--

--
-- AUTO_INCREMENT for table `book`
--
ALTER TABLE `book`
  MODIFY `book_id` int(11) NOT NULL AUTO_INCREMENT, AUTO_INCREMENT=45;

--
-- AUTO_INCREMENT for table `book_category`
--
ALTER TABLE `book_category`
  MODIFY `category_id` int(11) NOT NULL AUTO_INCREMENT, AUTO_INCREMENT=5;

--
-- AUTO_INCREMENT for table `cart`
--
ALTER TABLE `cart`
  MODIFY `cart_id` int(11) NOT NULL AUTO_INCREMENT, AUTO_INCREMENT=329;

--
-- AUTO_INCREMENT for table `order`
--
ALTER TABLE `order`
  MODIFY `order_id` int(11) NOT NULL AUTO_INCREMENT, AUTO_INCREMENT=431;

--
-- AUTO_INCREMENT for table `users`
--
ALTER TABLE `users`
  MODIFY `user_id` int(11) NOT NULL AUTO_INCREMENT, AUTO_INCREMENT=31;
COMMIT;

/*!40101 SET CHARACTER_SET_CLIENT=@OLD_CHARACTER_SET_CLIENT */;
/*!40101 SET CHARACTER_SET_RESULTS=@OLD_CHARACTER_SET_RESULTS */;
/*!40101 SET COLLATION_CONNECTION=@OLD_COLLATION_CONNECTION */;
